time,seconds_elapsed,z,y,x
1782814201027952600,0.06895263671875,0.05013787001371384,-0.07297012954950333,-0.16063667833805084
1782814201048034600,0.08903466796875,0.07055635750293732,-0.08420869708061218,-0.1905774474143982
1782814201068115700,0.10911572265625,0.09391982853412628,-0.13951843976974487,-0.18962666392326355
1782814201088197600,0.12919775390625,0.1024756133556366,-0.22666522860527039,-0.1722584068775177
1782814201108279800,0.14927978515625,0.09726012498140335,-0.3196665942668915,-0.15397660434246063
1782814201128360400,0.1693603515625,0.07499624043703079,-0.2924920320510864,-0.1534550040960312
1782814201148442600,0.189442626953125,0.06745979934930801,-0.222297802567482,-0.17791418731212616
1782814201168524500,0.209524658203125,0.02489924058318138,-0.17962025105953217,-0.33095455169677734
1782814201188605400,0.22960546875,0.01362580992281437,-0.2608122229576111,-0.6288164854049683
1782814201208687600,0.2496875,0.0062118894420564175,-0.26291337609291077,-0.9274118542671204
1782814201228769500,0.26976953125,-0.0263941939920187,-0.08924595266580582,-1.0411007404327393
1782814201248850700,0.2898505859375,-0.06564101576805115,0.3264118432998657,-0.8668920397758484
1782814201268932600,0.3099326171875,-0.06412393599748611,0.6237108111381531,-0.6268465518951416
1782814201289014500,0.3300146484375,-0.010815829038619995,0.6861953735351562,-0.45367303490638733
1782814201309095700,0.350095703125,0.05120457708835602,0.5689807534217834,-0.335885226726532
1782814201329177600,0.370177490234375,0.10817328095436096,0.34962207078933716,-0.23390857875347137
1782814201349259500,0.390259521484375,0.14433690905570984,0.19671009480953217,-0.1079702079296112
1782814201369340700,0.410340576171875,0.14061452448368073,0.13163502514362335,0.012920700013637543
1782814201389422600,0.430422607421875,0.11283598095178604,0.15336360037326813,0.08152588456869125
1782814201409504800,0.4505048828125,0.07320655882358551,0.18334217369556427,0.12729641795158386
1782814201429585700,0.470585693359375,0.04435194283723831,0.14392103254795074,0.15778084099292755
1782814201449667600,0.49066748046875,0.03219820186495781,0.09050176292657852,0.17234116792678833
1782814201469749800,0.510749755859375,0.033648498356342316,0.10413256287574768,0.10122593492269516
1782814201489830400,0.530830322265625,0.04339531436562538,0.18628084659576416,0.017313968390226364
1782814201509912600,0.55091259765625,0.046816710382699966,0.24586060643196106,0.021905414760112762
1782814201529994500,0.570994384765625,0.04173373058438301,0.22546502947807312,0.07442057877779007
1782814201550075600,0.59107568359375,0.02573097124695778,0.13768240809440613,0.0958486795425415
1782814201570157600,0.611157470703125,0.03830205276608467,0.07280254364013672,0.07264209538698196
1782814201590239500,0.631239501953125,0.05719587951898575,0.07010209560394287,0.08232897520065308
1782814201610320600,0.651320556640625,0.047144815325737,0.017944810912013054,0.11344458162784576
1782814201630402600,0.671402587890625,0.03253592923283577,-0.05365145206451416,0.13457870483398438
1782814201650484500,0.691484375,0.024540605023503304,-0.12081735581159592,0.13618332147598267
1782814201670565600,0.711565673828125,0.010563824325799942,-0.17711669206619263,0.11814895272254944
1782814201690647600,0.7316474609375,-0.01733277551829815,-0.15250758826732635,0.08337324112653732
1782814201710729500,0.7517294921875,-0.03759796917438507,-0.0742950588464737,0.04242026060819626
1782814201730810600,0.771810546875,-0.050975218415260315,0.006101992446929216,-0.004282357636839151
1782814201750892500,0.791892578125,-0.06727287918329239,0.05587019771337509,-0.04713951796293259
1782814201770974700,0.811974609375,-0.07867944985628128,0.049964725971221924,-0.050335533916950226
1782814201791055600,0.8320556640625,-0.0676238164305687,0.033301468938589096,-0.01627855747938156
1782814201811137800,0.8521376953125,-0.04834549129009247,-0.02747984603047371,0.039005305618047714
1782814201831219700,0.8722197265625,-0.03580871969461441,-0.06368955969810486,0.08916908502578735
1782814201851300600,0.892300537109375,-0.02934296242892742,-0.07641495019197464,0.10644683241844177
1782814201871382800,0.9123828125,-0.02979838289320469,-0.030922722071409225,0.10487579554319382
1782814201891464700,0.932464599609375,-0.043964095413684845,0.0207098126411438,0.06373586505651474
1782814201911545600,0.952545654296875,-0.03853488713502884,0.10899398475885391,0.022185249254107475
1782814201931627500,0.97262744140625,-0.026738781481981277,0.13865864276885986,-0.020871015265583992
1782814201951709400,0.99270947265625,-0.017085975036025047,0.12983787059783936,-0.05721199885010719
1782814201971790600,1.01279052734375,-0.0012549813836812973,0.09573106467723846,-0.038160406053066254
1782814201991872500,1.03287255859375,-0.005483407527208328,-0.0014794685412198305,0.017353076487779617
1782814202011954400,1.052954345703125,-0.012082720175385475,-0.06284189969301224,0.061387643218040466
1782814202032035600,1.07303564453125,-0.011729164980351925,-0.05055692046880722,0.07027356326580048
1782814202052117500,1.093117431640625,-0.007370307110249996,-0.0020423363894224167,0.056788161396980286
1782814202072199700,1.11319970703125,-0.004352645017206669,0.013132942840456963,0.0515485517680645
1782814202092280600,1.133280517578125,0.0019760695286095142,0.048401832580566406,0.06915147602558136
1782814202112362500,1.153362548828125,0.01283220387995243,0.027882246300578117,0.04901767894625664
1782814202132444700,1.173444580078125,0.0019399754237383604,0.0028719869442284107,0.028299223631620407
1782814202152525600,1.193525634765625,-0.02749204821884632,-0.016902536153793335,0.011511848308146
1782814202172607700,1.213607666015625,-0.050997376441955566,-0.019773956388235092,0.0014906397555023432
1782814202192688600,1.233688720703125,-0.04620622098445892,-0.013377219438552856,-0.00019609695300459862
1782814202212770800,1.253770751953125,-0.03155131638050079,0.003132559359073639,0.012581005692481995
1782814202232852700,1.273852783203125,-0.029894273728132248,-0.004906120710074902,0.028946099802851677
1782814202252933400,1.293933349609375,-0.03391154855489731,-0.018579918891191483,0.02726305089890957
1782814202273015600,1.314015625,-0.02821677178144455,0.01325515378266573,0.01792217046022415
1782814202293097500,1.334097412109375,-0.006465618498623371,0.06984560191631317,0.0031628692522644997
1782814202313178600,1.3541787109375,0.012629560194909573,0.07699854671955109,-0.023043427616357803
1782814202333260500,1.374260498046875,0.025382105261087418,0.04542144387960434,-0.037364307790994644
1782814202353342500,1.394342529296875,0.033296819776296616,0.0019144117832183838,-0.0372556671500206
1782814202373423600,1.414423583984375,0.04380149766802788,0.004484831355512142,-0.0216196458786726
1782814202393505500,1.434505615234375,0.04686088114976883,-0.009667000733315945,-0.005331886000931263
1782814202413587500,1.45458740234375,0.06544056534767151,0.023313576355576515,0.015658846125006676
1782814202433668600,1.474668701171875,0.08533623069524765,0.05884336307644844,0.03586113080382347
1782814202453750500,1.49475048828125,0.08519984036684036,0.044792015105485916,0.03309641778469086
1782814202473832700,1.514832763671875,0.0639716237783432,0.006273668725043535,0.03718158230185509
1782814202493913600,1.53491357421875,0.04870074614882469,-0.03077966347336769,0.05026240646839142
1782814202513995500,1.55499560546875,0.03739175200462341,-0.023918990045785904,0.049389876425266266
1782814202534077700,1.57507763671875,0.018117371946573257,0.023347504436969757,0.01078757829964161
1782814202554158600,1.59515869140625,0.0011974861845374107,0.06598225235939026,-0.033929526805877686
1782814202574240800,1.61524072265625,0.0036470117047429085,0.06945566833019257,-0.048692695796489716
1782814202594322700,1.63532275390625,0.01880258321762085,0.04246138781309128,-0.028203267604112625
1782814202614403800,1.65540380859375,0.018541233614087105,0.04121047258377075,0.029024912044405937
1782814202634485800,1.67548583984375,0.012070714496076107,0.027012955397367477,0.06588592380285263
1782814202654567700,1.695567626953125,0.0034936636220663786,-0.03036106750369072,0.05232812836766243
1782814202674648600,1.715648681640625,0.01634497568011284,-0.02880309335887432,0.022775210440158844
1782814202694730500,1.73573046875,0.031276293098926544,-0.00806588213890791,-0.002790251048281789
1782814202714812400,1.7558125,0.04304397478699684,0.010119974613189697,0.0007009182590991259
1782814202734893600,1.7758935546875,0.04931281507015228,-0.01266835629940033,0.023792622610926628
1782814202754975500,1.7959755859375,0.04922908917069435,-0.0025248462334275246,0.05191819742321968
1782814202775057700,1.8160576171875,0.03966522216796875,0.017993610352277756,0.04970068484544754
1782814202795138600,1.836138671875,0.03135188668966293,0.02211042121052742,0.028242146596312523
1782814202815220500,1.856220458984375,0.03716732934117317,0.00825325958430767,0.020093070343136787
1782814202835302700,1.876302734375,0.04871679097414017,0.021118734031915665,0.05010826885700226
1782814202855383600,1.896383544921875,0.048680100589990616,0.02269669994711876,0.0593193955719471
1782814202875465700,1.9164658203125,0.03380246460437775,0.007994906976819038,0.05300023779273033
1782814202895547600,1.936547607421875,0.013695459812879562,0.029645083472132683,0.050049230456352234
1782814202915628500,1.956628662109375,0.017606083303689957,0.08160839229822159,0.048109736293554306
1782814202935710700,1.976710693359375,0.014048419892787933,0.10609941184520721,0.0107662258669734
1782814202955791600,1.99679150390625,0.018646683543920517,0.1152762696146965,-0.03256266564130783
1782814202975873800,2.016873779296875,0.0111851142719388,0.12096500396728516,-0.037871506065130234
1782814202995955700,2.036955810546875,0.0007297850679606199,0.0582277774810791,0.00022956961765885353
1782814203016036600,2.05703662109375,-0.0008646745118312538,-0.020883891731500626,0.05819889158010483
1782814203036118500,2.077118408203125,0.004689827561378479,-0.055318623781204224,0.10153958201408386
1782814203056200400,2.097200439453125,0.0022257075179368258,-0.0588415190577507,0.10079662501811981
1782814203076281600,2.117281494140625,0.0030101588927209377,-0.01912643387913704,0.08029249310493469
1782814203096363500,2.137363525390625,-0.0035670248325914145,0.011892540380358696,0.06404291838407516
1782814203116445400,2.157445556640625,-0.0215480774641037,0.01729808934032917,0.06250744313001633
1782814203136526600,2.177526611328125,-0.04006664454936981,0.016501370817422867,0.05172418802976608
1782814203156608500,2.1976083984375,-0.0436033234000206,0.018904874101281166,0.053121015429496765
1782814203176690700,2.217690673828125,-0.04383319243788719,0.060904815793037415,0.06737815588712692
1782814203196771600,2.237771484375,-0.06479424983263016,0.015007790178060532,0.037754300981760025
1782814203216853500,2.257853515625,-0.07318419218063354,-0.002815283602103591,-0.006008791271597147
1782814203236935700,2.277935791015625,-0.07187237590551376,-0.01911921799182892,-0.029054589569568634
1782814203257016600,2.2980166015625,-0.057302843779325485,0.005955742206424475,-0.004554523155093193
1782814203277098200,2.31809814453125,-0.0493522509932518,0.012594486586749554,0.018383892253041267
1782814203297180200,2.33818017578125,-0.04741212725639343,0.00814344733953476,0.03131898492574692
1782814203317261300,2.35826123046875,-0.05526077747344971,0.0077345105819404125,0.023144738748669624
1782814203337343200,2.37834326171875,-0.04747045412659645,0.012283412739634514,0.002981956349685788
1782814203357425200,2.398425048828125,-0.034101344645023346,0.011621510609984398,-0.01130242645740509
1782814203377506300,2.41850634765625,-0.030912209302186966,0.013724341988563538,-0.007507422007620335
1782814203397588200,2.438588134765625,-0.0381290428340435,0.0015395437367260456,0.009042510762810707
1782814203417670100,2.458670166015625,-0.03404910862445831,0.014249756000936031,0.01166023313999176
1782814203437751300,2.478751220703125,-0.02026061899960041,0.025849085301160812,0.005038580857217312
1782814203457833200,2.498833251953125,-0.01589001715183258,0.010249467566609383,-0.0065805003978312016
1782814203477914400,2.518914306640625,-0.018544845283031464,-0.02149093896150589,0.002346854191273451
1782814203497996300,2.538996337890625,-0.013021017424762249,-0.03405202180147171,0.018100375309586525
1782814203518078200,2.559078125,-0.008078839629888535,-0.03491552546620369,0.01785651035606861
1782814203538159400,2.579159423828125,-0.008066319860517979,-0.03734414279460907,0.0055837929248809814
1782814203558241300,2.5992412109375,-0.01290966011583805,-0.028720399364829063,0.0027523981407284737
1782814203578323500,2.619323486328125,-0.007287079002708197,-0.03188040107488632,0.013243043795228004
1782814203598404000,2.639404052734375,0.0010829076636582613,-0.024447031319141388,0.039527326822280884
1782814203618486300,2.659486328125,0.004286283161491156,-0.03315068408846855,0.051061585545539856
1782814203638568200,2.679568115234375,-0.007297793868929148,-0.060920350253582,0.039956625550985336
1782814203658649000,2.699649169921875,-0.005679265595972538,-0.05867921561002731,0.023790016770362854
1782814203678731300,2.719731201171875,-0.006222205702215433,-0.048437364399433136,0.0059485360980033875
1782814203698813200,2.739813232421875,0.011627490632236004,-0.05948140099644661,0.005373668856918812
1782814203718894300,2.759894287109375,0.027709074318408966,-0.07836602628231049,0.04901065304875374
1782814203738976300,2.779976318359375,0.026394514366984367,-0.09311867505311966,0.10152315348386765
1782814203759058200,2.80005810546875,0.017508357763290405,-0.11648216098546982,0.11831291019916534
1782814203779139300,2.820139404296875,-0.000850625685416162,-0.15341739356517792,0.10553127527236938
1782814203799221200,2.84022119140625,-0.0025914679281413555,-0.1342701017856598,0.10165076702833176
1782814203819303200,2.86030322265625,0.01606847532093525,-0.10602141171693802,0.14159509539604187
1782814203839384300,2.88038427734375,0.029959330335259438,-0.10218784213066101,0.1805647611618042
1782814203859466200,2.90046630859375,0.0237595047801733,-0.11802807450294495,0.17377442121505737
1782814203879548400,2.92054833984375,0.006525494158267975,-0.1397143453359604,0.11282771080732346
1782814203899629300,2.94062939453125,0.013334373012185097,-0.1364632248878479,0.054476022720336914
1782814203919711200,2.960711181640625,0.02025981992483139,-0.12666112184524536,0.014811897650361061
1782814203939792100,2.980792236328125,0.0176607146859169,-0.09139350801706314,-0.00507243862375617
1782814203959874000,3.0008740234375,0.01784556545317173,-0.06222143769264221,-0.03742295131087303
1782814203979956500,3.02095654296875,0.023407550528645515,-0.03586207702755928,-0.07076303660869598
1782814204000037000,3.041037109375,0.01821090094745159,-0.03364426642656326,-0.07881693542003632
1782814204020119300,3.061119384765625,0.002926942892372608,-0.046338170766830444,-0.06662781536579132
1782814204040201200,3.081201171875,-0.005256951320916414,-0.026290958747267723,-0.058949392288923264
1782814204060282000,3.1012822265625,0.007439540699124336,0.000033847521990537643,-0.06444459408521652
1782814204080364300,3.1213642578125,0.01820285990834236,0.002468322403728962,-0.05186541751027107
1782814204100446200,3.1414462890625,0.009143027476966381,-0.03444342687726021,-0.022267280146479607
1782814204120527400,3.16152734375,0.010841945186257362,-0.03242756426334381,-0.004666957072913647
1782814204140609300,3.181609375,0.017220724374055862,-0.009417125955224037,-0.012539762072265148
1782814204160691200,3.201691162109375,0.020913196727633476,-0.01530351024121046,-0.01758219115436077
1782814204180772400,3.2217724609375,0.01830139383673668,-0.03751203417778015,0.005243214778602123
1782814204200854300,3.241854248046875,0.015363801270723343,-0.04416869580745697,0.031230496242642403
1782814204220936200,3.261936279296875,0.01859896071255207,-0.06131773069500923,0.03238077834248543
1782814204241017300,3.282017333984375,0.021642811596393585,-0.04726254194974899,0.029802948236465454
1782814204261098800,3.3020986328125,0.01987612433731556,-0.043266408145427704,0.014606018550693989
1782814204281181200,3.32218115234375,0.027530794963240623,-0.049993351101875305,0.017886633053421974
1782814204301261800,3.34226171875,0.01757696643471718,-0.07974759489297867,0.03140423446893692
1782814204321344000,3.362343994140625,-0.004749035928398371,-0.10833881795406342,0.01672213524580002
1782814204341425000,3.3824248046875,-0.013009374961256981,-0.10667717456817627,0.00046208733692765236
1782814204361506800,3.4025068359375,-0.0018780104583129287,-0.08872517198324203,-0.0018065804615616798
1782814204381589000,3.422589111328125,0.00736839696764946,-0.07377989590167999,-0.019687067717313766
1782814204401670000,3.442669921875,-0.01050189696252346,-0.060031451284885406,-0.04344066232442856
1782814204421752000,3.462751953125,-0.02570141851902008,-0.044908203184604645,-0.05199745297431946
1782814204441834000,3.482833984375,-0.011946698650717735,-0.03358516842126846,-0.03730509430170059
1782814204461915100,3.5029150390625,0.006003981921821833,-0.03981007635593414,-0.026526696979999542
1782814204481997000,3.5229970703125,0.01303248293697834,-0.028141625225543976,-0.018933219835162163
1782814204502079000,3.543078857421875,0.018709558993577957,-0.016682220622897148,-0.026188690215349197
1782814204522160000,3.56316015625,0.036961834877729416,-0.0031402583699673414,-0.027705468237400055
1782814204542242000,3.583241943359375,0.05266935005784035,-0.003930365201085806,-0.016569368541240692
1782814204562324000,3.603323974609375,0.05623987317085266,-0.005406484007835388,-0.008476851508021355
1782814204582405000,3.623405029296875,0.05338915064930916,-0.0035016583278775215,-0.004052908159792423
1782814204602487000,3.643487060546875,0.05368636175990105,0.003261891659349203,-0.01797438971698284
1782814204622569000,3.66356884765625,0.058427777141332626,0.000002501998096704483,-0.04307165741920471
1782814204642649900,3.68364990234375,0.05260951817035675,-0.019922345876693726,-0.05829262733459473
1782814204662731800,3.703731689453125,0.045985206961631775,-0.034343842417001724,-0.05938063561916351
1782814204682813000,3.72381298828125,0.03797717019915581,-0.00972520001232624,-0.05710094794631004
1782814204702894800,3.743894775390625,0.027666490525007248,0.004478326067328453,-0.06289860606193542
1782814204722977000,3.76397705078125,0.022539690136909485,0.02111417055130005,-0.06546248495578766
1782814204743058000,3.784057861328125,0.027845796197652817,0.02646932564675808,-0.053558990359306335
1782814204763139800,3.804139892578125,0.02454640530049801,0.02606159634888172,-0.04003066569566727
1782814204783222000,3.824221923828125,0.007028005085885525,0.04107808694243431,-0.03895558416843414
1782814204803303000,3.844302978515625,-0.012377419508993626,0.041263923048973083,-0.054395951330661774
1782814204823385000,3.864385009765625,0.001834004302509129,0.06460420787334442,-0.04228941723704338
1782814204843467000,3.884467041015625,0.028346586972475052,0.10655787587165833,0.0011230838717892766
1782814204863548200,3.904548095703125,0.024134481325745583,0.07949628680944443,0.02645060606300831
1782814204883630000,3.924630126953125,0.017525972798466682,0.04308724030852318,0.03219329193234444
1782814204903712000,3.9447119140625,0.02363300509750843,0.00989899504929781,0.03061007708311081
1782814204923793200,3.964793212890625,0.031510256230831146,0.026287823915481567,0.0441599078476429
1782814204943875000,3.984875,0.03844156488776207,0.057099778205156326,0.05352344363927841
1782814204963956000,4.0049560546875,0.039570339024066925,0.06890139728784561,0.056749437004327774
1782814204984038000,4.025037841796875,0.03525233641266823,0.026602022349834442,0.04780301824212074
1782814205004119800,4.045119873046875,0.02445853501558304,-0.026886671781539917,0.04332106560468674
1782814205024201000,4.065200927734375,-0.0009673348977230489,-0.04855707287788391,0.036791566759347916
1782814205044283000,4.085282958984375,-0.022542301565408707,-0.020357638597488403,0.01718711480498314
1782814205064364800,4.10536474609375,-0.03360569477081299,0.005922851152718067,0.0007220979314297438
1782814205084446000,4.125446044921875,-0.047291018068790436,-0.00543570751324296,-0.014550221152603626
1782814205104528000,4.14552783203125,-0.06204484403133392,-0.027186427265405655,-0.017825618386268616
1782814205124610000,4.165610107421875,-0.0638643428683281,-0.026745479553937912,-0.008621702902019024
1782814205144691000,4.18569091796875,-0.06453157216310501,-0.003666712436825037,-0.0024530163500458
1782814205164772900,4.20577294921875,-0.05736115574836731,0.004315402824431658,-0.006019411608576775
1782814205184855000,4.22585498046875,-0.04671148955821991,-0.00023421691730618477,0.004910530988126993
1782814205204936000,4.24593603515625,-0.030867354944348335,-0.013366743922233582,0.030941158533096313
1782814205225018000,4.26601806640625,-0.022626040503382683,-0.021125536412000656,0.05173531919717789
1782814205245100000,4.28610009765625,-0.017068564891815186,-0.013446026481688023,0.04406895488500595
1782814205265181200,4.30618115234375,-0.014557219110429287,-0.0004586766008287668,0.02227998897433281
1782814205285263400,4.326263427734375,-0.0030557732097804546,0.018876198679208755,0.00876670889556408
1782814205305344300,4.34634423828125,0.0015044689644128084,0.013893959112465382,0.002666005166247487
1782814205325426400,4.366426513671875,-0.0008145850733853877,-0.0008836642373353243,0.0074806297197937965
1782814205345508400,4.38650830078125,-0.008625483140349388,-0.030879566445946693,0.0002235232386738062
1782814205365589500,4.406589599609375,-0.0140481386333704,-0.04150421917438507,-0.005604026839137077
1782814205385671400,4.42667138671875,-0.0041146609000861645,-0.013515649363398552,-0.005658614914864302
1782814205405753300,4.44675341796875,-0.0021226038224995136,-0.0048064119182527065,-0.006784215569496155
1782814205425834500,4.46683447265625,-0.028067270293831825,-0.04838787391781807,-0.028054431080818176
1782814205445916400,4.48691650390625,-0.04399741441011429,-0.0593344122171402,-0.04642515629529953
1782814205465998300,4.506998291015625,-0.037268757820129395,-0.009698798879981041,-0.044287461787462234
1782814205486079500,4.52707958984375,-0.024174652993679047,0.0014951769262552261,-0.011870509944856167
1782814205506161400,4.547161376953125,-0.013496166095137596,0.01155897881835699,0.041227251291275024
1782814205526243300,4.567243408203125,-0.021886426955461502,0.0036989166401326656,0.05754833295941353
1782814205546324200,4.58732421875,-0.036452651023864746,0.011556342244148254,0.03003336861729622
1782814205566406100,4.60740625,-0.03640211746096611,0.0116612259298563,-0.014122696593403816
1782814205586487300,4.6274873046875,-0.028323249891400337,0.009647326543927193,-0.02672678232192993
1782814205606569200,4.6475693359375,-0.024367380887269974,0.005249364767223597,-0.008451979607343674
1782814205626651400,4.6676513671875,-0.032028939574956894,-0.011648623272776604,0.005160452798008919
1782814205646732300,4.687732177734375,-0.03419313579797745,-0.0006224436219781637,0.009536905214190483
1782814205666814200,4.707814208984375,-0.019848614931106567,0.026995209977030754,-0.005183045752346516
1782814205686896400,4.727896484375,-0.010657083243131638,0.01834532618522644,-0.02287422865629196
1782814205706977300,4.747977294921875,-0.016439097002148628,-0.011267231777310371,-0.03219899162650108
1782814205727059500,4.7680595703125,-0.015197431668639183,-0.025403805077075958,-0.03844928741455078
1782814205747141400,4.788141357421875,-0.01819518767297268,-0.04559503495693207,-0.04499247297644615
1782814205767222500,4.808222412109375,-0.013802274130284786,-0.0852128341794014,-0.042804598808288574
1782814205787304400,4.828304443359375,-0.012282573617994785,-0.06699226796627045,-0.024165259674191475
1782814205807386400,4.848386474609375,-0.01138563547283411,-0.05766250938177109,-0.025307534262537956
1782814205827467500,4.868467529296875,-0.01933257095515728,-0.044697217643260956,-0.006763201206922531
1782814205847549400,4.888549560546875,-0.023562267422676086,0.0014710314571857452,0.037785302847623825
1782814205867630300,4.90863037109375,-0.030884550884366035,0.026231104508042336,0.050862058997154236
1782814205887712300,4.928712158203125,-0.028924643993377686,0.03685757890343666,0.018900759518146515
1782814205907794200,4.948794189453125,-0.023430580273270607,0.04186168685555458,-0.0026224625762552023
1782814205927875300,4.968875244140625,-0.01677972823381424,0.030708545818924904,0.024800527840852737
1782814205947957200,4.988957275390625,0.0010373551631346345,0.02927648276090622,0.06662940233945847
1782814205968039200,5.0090390625,0.0040528494864702225,0.007128650788217783,0.06996002048254013
1782814205988120300,5.029120361328125,-0.009083650074899197,-0.03225422650575638,0.023039020597934723
1782814206008202200,5.0492021484375,-0.011357620358467102,-0.03195149078965187,-0.026303159072995186
1782814206028284400,5.069284423828125,-0.007779398933053017,-0.027934297919273376,-0.052824974060058594
1782814206048365300,5.089365234375,-0.0001883624936453998,-0.07078293710947037,-0.050760846585035324
1782814206068447200,5.109447265625,0.02193300612270832,-0.08944358676671982,-0.008226675912737846
1782814206088529400,5.129529296875,0.018796375021338463,-0.05145237222313881,0.04071797430515289
1782814206108610300,5.1496103515625,0.010241186246275902,0.0001299879513680935,0.04613730311393738
1782814206128692500,5.1696923828125,0.009518846869468689,0.02067836932837963,-0.0017675876151770353
1782814206148773400,5.1897734375,0.020912649109959602,0.027336806058883667,-0.028428226709365845
1782814206168855600,5.20985546875,0.020073676481842995,0.03550850600004196,-0.003021843498572707
1782814206188937500,5.2299375,0.022116398438811302,0.02819700539112091,0.024686923250555992
1782814206209018400,5.250018310546875,0.029049493372440338,0.02246040664613247,0.028302721679210663
1782814206229100500,5.2701005859375,0.0385744646191597,0.016056187450885773,0.020268738269805908
1782814206249182500,5.290182373046875,0.021525582298636436,-0.003910418134182692,0.018877923488616943
1782814206269264000,5.310263916015625,0.007832000963389874,-0.005476268008351326,0.01020119059830904
1782814206289346000,5.330345947265625,0.0010712497169151902,0.007810366805642843,-0.004050919786095619
1782814206309427000,5.350427001953125,-0.00688853207975626,-0.0044522471725940704,-0.014286091551184654
1782814206329509000,5.370509033203125,-0.015797073021531105,-0.023497045040130615,0.005079884082078934
1782814206349591000,5.390591064453125,-0.022698933258652687,-0.03686673194169998,0.028148939833045006
1782814206369672000,5.410671875,-0.02335592359304428,-0.006314329337328672,0.03224359452724457
1782814206389754000,5.430754150390625,-0.025261718779802322,0.02010425552725792,0.018542343750596046
1782814206409836000,5.4508359375,-0.020888349041342735,0.029950814321637154,0.009865858592092991
1782814206429917200,5.470917236328125,-0.011253226548433304,0.02799554541707039,0.026589423418045044
1782814206449999000,5.4909990234375,-0.017840249463915825,0.018513787537813187,0.05525144189596176
1782814206470081000,5.5110810546875,-0.028115497902035713,0.0018256939947605133,0.05252193659543991
1782814206490162200,5.531162109375,-0.02131327986717224,-0.011643767356872559,0.02870512381196022
1782814206510244000,5.551244140625,-0.013047803193330765,0.006074012257158756,0.009992641396820545
1782814206530326000,5.571325927734375,-0.0238136425614357,0.02451135963201523,0.001376593136228621
1782814206550407000,5.591406982421875,-0.038203347474336624,-0.011611330322921276,-0.01471095159649849
1782814206570488800,5.61148876953125,-0.03394325450062752,-0.008445345796644688,-0.009591948240995407
1782814206590570000,5.631570068359375,-0.024107860401272774,-0.014123525470495224,0.008021838963031769
1782814206610652000,5.65165185546875,-0.015424596145749092,0.012813007459044456,0.02407793328166008
1782814206630734000,5.671734130859375,-0.0172413419932127,-0.002589339390397072,0.008589310571551323
1782814206650816000,5.69181591796875,-0.019480859860777855,-0.016884885728359222,-0.007613876834511757
1782814206670897000,5.71189697265625,-0.018436240032315254,-0.024891404435038567,-0.014995323494076729
1782814206690979000,5.73197900390625,-0.010659834370017052,-0.0022412908729165792,-0.014934837818145752
1782814206711061000,5.75206103515625,-0.005157959647476673,0.00741201126947999,-0.004446838516741991
1782814206731142100,5.77214208984375,0.0009317401563748717,-0.010310420766472816,0.01644265279173851
1782814206751224000,5.79222412109375,0.0038318822626024485,-0.026238147169351578,0.021256033331155777
1782814206771305000,5.812304931640625,0.005885066464543343,-0.011771243996918201,0.005052037537097931
1782814206791387100,5.83238720703125,-0.0012208826374262571,-0.008161533623933792,-0.022949304431676865
1782814206811469000,5.852468994140625,0.0025224839337170124,0.0009107817895710468,-0.018277425318956375
1782814206831550200,5.87255029296875,0.01000132318586111,-0.008920649066567421,0.008348405361175537
1782814206851632000,5.892632080078125,0.01254747062921524,-0.028353221714496613,0.023642797023057938
1782814206871714000,5.912714111328125,0.005684239324182272,-0.03092956356704235,0.012312645092606544
1782814206891795000,5.932794921875,0.00013051132555119693,-0.006129951681941748,-0.014356618747115135
1782814206911876900,5.952876953125,-0.009234118275344372,0.027024276554584503,-0.032905470579862595
1782814206931959000,5.972958984375,-0.018084576353430748,0.04637540876865387,-0.032633859664201736
1782814206952040000,5.9930400390625,-0.02085227146744728,0.04370772838592529,-0.01841413974761963
1782814206972121900,6.013121826171875,-0.007293282076716423,0.023558758199214935,0.004409237299114466
1782814206992204000,6.0332041015625,0.0019391864771023393,-0.006303685251623392,0.025566210970282555
1782814207012285000,6.053284912109375,-0.004496987909078598,-0.031749844551086426,0.01767767034471035
1782814207032367000,6.0733671875,-0.00025522042415104806,-0.007408391684293747,-0.01140689942985773
1782814207052449000,6.093448974609375,0.010372351855039597,0.01647805981338024,-0.025026924908161163
1782814207072530000,6.113530029296875,0.009775981307029724,-0.028216209262609482,-0.014137743040919304
1782814207092612000,6.133612060546875,0.006535307504236698,-0.0711548775434494,0.0074908919632434845
1782814207112694000,6.153694091796875,0.0024247835390269756,-0.0625973790884018,0.018270552158355713
1782814207132775200,6.173775146484375,0.00910872220993042,-0.024338718503713608,0.015200670808553696
1782814207152857000,6.193857177734375,0.026341937482357025,0.014064578339457512,0.022195855155587196
1782814207172938000,6.21393798828125,0.033629488199949265,0.015876006335020065,0.042059216648340225
1782814207193020200,6.234020263671875,0.04086892306804657,-0.012349976226687431,0.04534841328859329
1782814207213102000,6.25410205078125,0.053336698561906815,-0.06058855727314949,0.03485458716750145
1782814207233183000,6.274182861328125,0.060574304312467575,-0.07408808171749115,0.039873331785202026
1782814207253265000,6.294264892578125,0.03240419179201126,-0.015084234066307545,0.047067791223526
1782814207273346600,6.3143466796875,0.021222565323114395,0.032692208886146545,0.02002115733921528
1782814207293427700,6.334427734375,0.020819325000047684,0.025175198912620544,-0.017831234261393547
1782814207313509600,6.354509521484375,0.024748779833316803,-0.005694460589438677,-0.01644560694694519
1782814207333591800,6.374591796875,0.01880837231874466,-0.040654946118593216,0.010324502363801003
1782814207353672700,6.394672607421875,0.0054609510116279125,-0.03901875764131546,0.022509967908263206
1782814207373754600,6.414754638671875,0.003609762294217944,0.0036460794508457184,0.013551658019423485
1782814207393836800,6.4348369140625,0.006685270927846432,-0.0006737990770488977,-0.005663096904754639
1782814207413917700,6.454917724609375,0.0040705143474042416,-0.00030571408569812775,-0.00037617282941937447
1782814207434000000,6.474999755859375,-0.007087773643434048,-0.016322994604706764,0.01020132191479206
1782814207454081800,6.495081787109375,-0.02319173328578472,-0.014714481309056282,0.0032971252221614122
1782814207474163000,6.515162841796875,-0.031087853014469147,-0.0033802534453570843,-0.017499227076768875
1782814207494244900,6.535244873046875,-0.03112310916185379,0.026492485776543617,-0.04157054424285889
1782814207514326800,6.555326904296875,-0.012622116133570671,0.06616629660129547,-0.037475548684597015
1782814207534408000,6.575407958984375,-0.010026255622506142,0.007145455107092857,-0.0075990427285432816
1782814207554489900,6.59548974609375,-0.008005664683878422,-0.02612527459859848,0.01759573072195053
1782814207574570800,6.61557080078125,-0.005314922425895929,-0.0677655041217804,0.04126492142677307
1782814207594653000,6.63565283203125,0.009599718265235424,-0.04496759921312332,0.05249349772930145
1782814207614734800,6.65573486328125,0.012879288755357265,-0.012410642579197884,0.010033661499619484
1782814207634815700,6.675815673828125,0.016574284061789513,-0.010114908218383789,-0.04050184413790703
1782814207654897700,6.695897705078125,0.0035234505776315928,-0.04912426322698593,-0.04825042188167572
1782814207674979600,6.7159794921875,0.007400279399007559,-0.05286151170730591,-0.033344194293022156
1782814207695060700,6.736060791015625,0.018693070858716965,0.015080388635396957,-0.0039456626400351524
1782814207715142700,6.756142578125,0.010540488176047802,0.010818611830472946,-0.007968094199895859
1782814207735224800,6.776224853515625,-0.013514820486307144,0.02428206242620945,0.01576172187924385
1782814207755305700,6.7963056640625,-0.016740454360842705,0.007130870129913092,0.02485283836722374
1782814207775387600,6.8163876953125,0.0021137369330972433,-0.010188784450292587,0.012199001386761665
1782814207795469800,6.8364697265625,0.0064923414029181,-0.013425040990114212,0.006501843221485615
1782814207815550700,6.85655078125,-0.015132992528378963,-0.004418345633894205,0.022196028381586075
1782814207835633000,6.8766328125,-0.017797652631998062,-0.00763161713257432,0.037833258509635925
1782814207855713800,6.8967138671875,-0.003214080585166812,-0.017567399889230728,0.036072976887226105
1782814207875796000,6.9167958984375,0.0076993899419903755,-0.017107801511883736,0.017831992357969284
1782814207895878000,6.9368779296875,0.0019065449014306068,-0.01654396578669548,-0.00501361396163702
1782814207915958800,6.956958740234375,-0.0021433616057038307,-0.013269583694636822,0.006614726036787033
1782814207936041000,6.977041015625,0.009150431491434574,-0.03111187368631363,0.03754159063100815
1782814207956123000,6.997122802734375,0.018942328169941902,-0.0571468360722065,0.0426880344748497
1782814207976203800,7.017203857421875,0.016627445816993713,-0.07490883022546768,0.010790500789880753
1782814207996285700,7.03728564453125,0.014818884432315826,-0.04840796813368797,-0.014825569465756416
1782814208016367600,7.05736767578125,0.0128951296210289,-0.03657056391239166,-0.02821994572877884
1782814208036448800,7.07744873046875,0.024208908900618553,-0.03845395892858505,-0.055791690945625305
1782814208056530700,7.09753076171875,0.004654976073652506,-0.04104029759764671,-0.05923236906528473
1782814208076612600,7.117612548828125,-0.019951187074184418,-0.09260059148073196,-0.07029308378696442
1782814208096693800,7.13769384765625,-0.0266630370169878,-0.06102817505598068,-0.06892190128564835
1782814208116775700,7.157775634765625,-0.02230706997215748,-0.06494779884815216,-0.08067295700311661
1782814208136856800,7.17785693359375,-0.003058058675378561,-0.0338493287563324,-0.08189894258975983
1782814208156938800,7.197938720703125,-0.007982304319739342,-0.01208423636853695,-0.07085680961608887
1782814208177020700,7.218020751953125,-0.015369342640042305,-0.058935392647981644,-0.035480089485645294
1782814208197101800,7.238101806640625,-0.0058929165825247765,-0.1039891317486763,0.014729958958923817
1782814208217183700,7.258183837890625,0.011055023409426212,-0.10866048187017441,0.026089059188961983
1782814208237266000,7.278265869140625,0.027183327823877335,-0.0690523087978363,-0.003986533731222153
1782814208257346800,7.298346923828125,0.021503454074263573,-0.016447052359580994,-0.016220375895500183
1782814208277429800,7.3184296875,0.009691812098026276,0.01920653134584427,0.0047988127917051315
1782814208297512000,7.338511962890625,0.005602250806987286,0.018014518544077873,0.00949324294924736
1782814208317592800,7.3585927734375,0.007094216533005238,0.030206244438886642,-0.010631410405039787
1782814208337674800,7.3786748046875,0.007666656281799078,0.03290784731507301,-0.01988418772816658
1782814208357757000,7.3987568359375,-0.00386938382871449,-0.014942837879061699,0.005689913406968117
1782814208377837800,7.418837890625,-0.016142142936587334,-0.037293337285518646,0.018893873319029808
1782814208397920000,7.438919921875,-0.0028398686554282904,-0.002095260424539447,-0.01933613233268261
1782814208418001000,7.4590009765625,0.010426261462271214,0.03973216935992241,-0.028426455333828926
1782814208438082800,7.479082763671875,0.011733190156519413,0.029198141768574715,0.005929307080805302
1782814208458165000,7.4991650390625,0.00802694447338581,-0.0004559431690722704,0.03465327247977257
1782814208478246000,7.519245849609375,0.008233973756432533,-0.02249925583600998,0.02839278057217598
1782814208498328000,7.539328125,0.016491398215293884,-0.004086887929588556,0.007369490340352058
1782814208518410000,7.559409912109375,0.026113243773579597,0.010639514774084091,0.01590438187122345
1782814208538491000,7.579490966796875,0.012467780150473118,-0.007725751958787441,0.02298680692911148
1782814208558572800,7.59957275390625,0.0033924258314073086,-0.012598555535078049,0.016357790678739548
1782814208578654700,7.61965478515625,0.0009875257965177298,0.02973216027021408,-0.003030538558959961
1782814208598736000,7.63973583984375,0.02254367060959339,0.08136428892612457,0.0071093300357460976
1782814208618817800,7.65981787109375,0.027801930904388428,0.05793212354183197,0.030523035675287247
1782814208638899700,7.679899658203125,0.01979919523000717,0.04779138043522835,0.026608511805534363
1782814208658980900,7.69998095703125,0.01594296284019947,0.022348331287503242,0.011671003885567188
1782814208679062800,7.720062744140625,0.01875643990933895,-0.01342838630080223,0.02925664745271206
1782814208699144000,7.74014404296875,0.01931721344590187,-0.023044563829898834,0.05140940099954605
1782814208719225900,7.760225830078125,0.022397110238671303,-0.02785685285925865,0.03646852821111679
1782814208739307800,7.780307861328125,0.017372332513332367,0.007566066458821297,0.013891750946640968
1782814208759389000,7.800388916015625,0.017593195661902428,0.04054684937000275,0.00716630183160305
1782814208779470800,7.820470947265625,0.025517167523503304,0.025246642529964447,0.0365092009305954
1782814208799553000,7.840552978515625,0.037891607731580734,-0.002134870272129774,0.07653950154781342
1782814208819634000,7.860634033203125,0.042468491941690445,-0.015239639207720757,0.08598942309617996
1782814208839715800,7.8807158203125,0.04260644316673279,-0.007663131225854158,0.06099066510796547
1782814208859798000,7.900798095703125,0.0405699759721756,0.00224468857049942,0.025620022788643837
1782814208879878700,7.920878662109375,0.029773278161883354,0.0045175813138484955,0.010224595665931702
1782814208899960800,7.9409609375,0.012843423523008823,0.003300525713711977,0.022302335128188133
1782814208920042800,7.961042724609375,0.002759922295808792,-0.011781150475144386,0.03678883612155914
1782814208940124000,7.9811240234375,-0.003137190593406558,-0.015115641988813877,0.024561556056141853
1782814208960205800,8.001205810546875,0.000916610355488956,0.006562444381415844,0.008306099101901054
1782814208980286700,8.02128662109375,-0.0028646362479776144,-0.005504905246198177,0.007760998792946339
1782814209000369000,8.041368896484375,-0.013784332200884819,-0.018712542951107025,0.024764539673924446
1782814209020450800,8.061450927734375,-0.012577958405017853,-0.00595837039873004,0.026176992803812027
1782814209040532000,8.081531982421875,-0.011065587401390076,0.002144855447113514,0.007376320194453001
1782814209060614000,8.10161376953125,-0.005703465081751347,-0.021974142640829086,-0.008211967535316944
1782814209080695800,8.12169580078125,0.00905423890799284,-0.011042620986700058,0.006341997534036636
1782814209100777000,8.14177685546875,0.025830645114183426,0.023919392377138138,0.02747919224202633
1782814209120859000,8.16185888671875,0.04074600711464882,0.020832832902669907,0.03748927265405655
1782814209140940800,8.18194091796875,0.05081165209412575,0.017413362860679626,0.029767613857984543
1782814209161022000,8.20202197265625,0.05314141511917114,0.028321392834186554,0.01800326444208622
1782814209181103900,8.222103759765625,0.049023889005184174,0.022766750305891037,0.015226340852677822
1782814209201186000,8.24218603515625,0.05081666633486748,0.011990225873887539,0.032288093119859695
1782814209221266700,8.2622666015625,0.05080001428723335,0.003170989453792572,0.03054862655699253
1782814209241348900,8.282348876953124,0.04003749415278435,-0.03177783265709877,0.0003016951959580183
1782814209261429800,8.3024296875,0.017931366339325905,-0.04127279296517372,-0.03229822218418121
1782814209281511000,8.322510986328124,0.013721847906708717,-0.014634612947702408,-0.04873962327837944
1782814209301592800,8.3425927734375,0.014023762196302414,0.0211632177233696,-0.024810345843434334
1782814209321673700,8.362673828125,0.025091465562582016,0.022222161293029785,0.00980678852647543
1782814209341755600,8.382755615234375,0.03587188944220543,0.011065689846873283,0.037702858448028564
1782814209361837600,8.402837646484375,0.028343403711915016,-0.014771845191717148,0.03455759212374687
1782814209381918700,8.422918701171875,0.01425135973840952,-0.009101947769522667,0.0007500719511881471
1782814209402000600,8.443000732421876,0.009753178805112839,0.02148052304983139,-0.02862120233476162
1782814209422082600,8.46308251953125,0.007173629477620125,0.03604084253311157,-0.03956911340355873
1782814209442163700,8.483163818359374,-0.0005160949658602476,0.013912184163928032,-0.04395400360226631
1782814209462245600,8.50324560546875,-0.0014556330861523747,-0.0042169480584561825,-0.03920774906873703
1782814209482326800,8.523326904296875,0.0035365240182727575,-0.009961262345314026,-0.017384346574544907
1782814209502408700,8.54340869140625,0.004513650666922331,-0.028622929006814957,-0.005134486593306065
1782814209522490600,8.56349072265625,0.013200527057051659,-0.028642484918236732,0.0017566841561347246
1782814209542571800,8.58357177734375,0.01681005023419857,-0.015743553638458252,0.0015901257283985615
1782814209562653700,8.60365380859375,0.01431556697934866,-0.003314828500151634,-0.0007141653914004564
1782814209582736000,8.62373583984375,0.004149977117776871,0.019540978595614433,0.003167838091030717
1782814209602816800,8.643816650390624,-0.006640566512942314,-0.0017011305317282677,0.005350962281227112
1782814209622899000,8.66389892578125,-0.013397146947681904,-0.02271231636404991,0.007758038118481636
1782814209642980900,8.68398095703125,-0.012354886159300804,-0.023132581263780594,0.006791168358176947
1782814209663061500,8.7040615234375,-0.008367005735635757,0.01548090111464262,-0.000852314755320549
1782814209683143700,8.724143798828125,-0.011127829551696777,0.031705357134342194,-0.017668671905994415
1782814209703224600,8.744224609375,-0.027099719271063805,-0.010091731324791908,-0.018323730677366257
1782814209723306800,8.764306640625,-0.034087128937244415,-0.035825084894895554,0.006211993284523487
1782814209743388700,8.784388671875,-0.01970556750893593,-0.005149089731276035,0.01958051510155201
1782814209763469800,8.8044697265625,-0.020403770729899406,0.022665711119771004,-0.006388859823346138
1782814209783551700,8.8245517578125,-0.03701378032565117,-0.008064762689173222,-0.05903125926852226
1782814209803633700,8.844633544921875,-0.05389958992600441,-0.029531411826610565,-0.08669812977313995
1782814209823714800,8.86471484375,-0.05067676305770874,-0.040513232350349426,-0.06791409105062485
1782814209843796700,8.884796630859375,-0.02924369089305401,-0.008844127878546715,-0.013371426612138748
1782814209863878700,8.904878662109375,-0.012621241621673107,0.01645328477025032,0.011228248476982117
1782814209883959800,8.924959716796875,-0.0036076970864087343,0.015321386978030205,-0.0013885705266147852
1782814209904041700,8.945041748046876,-0.0018294022884219885,-0.005359186790883541,-0.008765991777181625
1782814209924123000,8.965122802734374,0.008184780366718769,-0.018573995679616928,0.013254287652671337
1782814209944204800,8.985204833984374,0.02043255791068077,-0.005813210736960173,0.026340654119849205
1782814209964286700,9.00528662109375,0.024217452853918076,-0.0033980878069996834,0.015344577841460705
1782814209984367900,9.025367919921875,0.02477690950036049,0.009732414036989212,0.00836239568889141
1782814210004449800,9.04544970703125,0.02745739184319973,0.0019580968655645847,0.013267597183585167
1782814210024532000,9.065531982421875,0.03117472305893898,0.006829320918768644,0.03008221462368965
1782814210044612600,9.085612548828125,0.03860940411686897,0.0061507029458880424,0.036160822957754135
1782814210064694500,9.105694580078126,0.03354343771934509,0.006112069357186556,0.023716794326901436
1782814210084776700,9.125776611328124,0.01314505748450756,0.00522978138178587,0.0005117496475577354
1782814210104857600,9.145857666015624,0.0024847404565662146,-0.012446008622646332,-0.016929088160395622
1782814210124939800,9.165939697265625,0.011343378573656082,0.0002886769361793995,-0.012485479936003685
1782814210145020700,9.186020751953125,0.014249635860323906,0.012065831571817398,-0.01247396506369114
1782814210165102800,9.206102783203125,0.0020685154013335705,0.019869310781359673,-0.018812578171491623
1782814210185184800,9.226184814453125,-0.01009297650307417,0.010343814268708229,-0.037008412182331085
1782814210205265700,9.246265625,-0.014971734955906868,0.005232755560427904,-0.04395366460084915
1782814210225347800,9.266347900390626,-0.0008934271754696965,0.0028786812908947468,-0.035577744245529175
1782814210245429800,9.2864296875,0.006790653336793184,-0.002223545452579856,-0.015328267589211464
1782814210265511000,9.306510986328124,0.017762815579771996,0.009414611384272575,0.011066458187997341
1782814210285592800,9.3265927734375,0.015975235030055046,0.015753768384456635,0.01555922906845808
1782814210306300700,9.34730078125,0.00030986449564807117,-0.031457774341106415,-0.008123574778437614
1782814210326382600,9.367382568359375,0.001070398953743279,-0.05317528545856476,-0.015646187588572502
1782814210346464500,9.387464599609375,0.011993290856480598,-0.009678984060883522,-0.007955033332109451
1782814210366545700,9.407545654296875,0.010760005563497543,0.03129435330629349,-0.0024303377140313387
1782814210386627600,9.427627685546875,0.0066188424825668335,0.04251803830265999,-0.0007116682827472687
1782814210406708700,9.447708740234376,0.0030141768511384726,0.023622246459126472,-0.00367560051381588
1782814210426790700,9.467790771484376,0.0005386678967624903,-0.027390621602535248,-0.003046970581635833
1782814210446872800,9.487872802734374,-0.000301940570352599,-0.04024048149585724,-0.005074621178209782
1782814210466953700,9.50795361328125,0.0027186418883502483,-0.013042610138654709,-0.016980312764644623
1782814210487035600,9.52803564453125,0.004093226511031389,0.030088890343904495,-0.031050555408000946
1782814210507117800,9.548117919921875,-0.007721633650362492,0.022319748997688293,-0.03533649817109108
1782814210527198700,9.56819873046875,-0.010733681730926037,-0.006570312660187483,-0.02870979718863964
1782814210547281000,9.588281005859375,0.002039269544184208,-0.060375239700078964,-0.015575229190289974
1782814210567362800,9.60836279296875,0.005356567446142435,-0.08070771396160126,-0.0023353425785899162
1782814210587443700,9.628443603515626,0.00217766547575593,-0.0579710528254509,-0.00306612066924572
1782814210607526000,9.64852587890625,0.0057244026102125645,-0.01995561644434929,-0.013258964754641056
1782814210627606500,9.6686064453125,0.010376828722655773,-0.000595075311139226,-0.017243506386876106
1782814210647061800,9.688061767578125,0.0032921982929110527,-0.0089502464979887,-0.0036570760421454906
1782814210667144000,9.70814404296875,-0.0006475544651038945,0.0007189018651843071,0.01989089697599411
1782814210687225900,9.728225830078125,0.008062922395765781,0.02222307398915291,0.03519279509782791
1782814210707306500,9.748306396484375,0.007095548324286938,0.03776403144001961,0.0516415536403656
1782814210727388700,9.768388671875,0.006192659959197044,0.034223224967718124,0.056102510541677475
1782814210747470600,9.788470703125,0.0031981635838747025,0.01951994001865387,0.03992132470011711
1782814210767551700,9.8085517578125,-0.005433646962046623,-0.005412050522863865,0.00017727073282003403
1782814210787633700,9.828633544921875,0.005973609164357185,-0.012064635753631592,-0.003615375841036439
1782814210807715600,9.848715576171875,0.014177123084664345,-0.003586844075471163,0.014699159190058708
1782814210827796700,9.868796630859375,-0.008486036211252213,-0.06686520576477051,-0.0023728616070002317
1782814210847878700,9.888878662109375,-0.016198385506868362,-0.0720413401722908,-0.03594028577208519
1782814210867959800,9.908959716796875,-0.007208326831459999,-0.010220511816442013,-0.05796172842383385
1782814210888041700,9.929041748046876,0.015844300389289856,0.015104792080819607,-0.03305203467607498
1782814210908123600,9.94912353515625,0.025217901915311813,0.014487950131297112,0.026115326210856438
1782814210928204800,9.969204833984374,0.020913664251565933,-0.0047514974139630795,0.055007342249155045
1782814210948286700,9.98928662109375,0.00986915361136198,0.0030442671850323677,0.03362436592578888
1782814210968369000,10.009368896484375,0.0065249111503362656,0.004844297654926777,-0.010436632670462132
1782814210988449800,10.02944970703125,0.0146669652312994,0.011782107874751091,-0.012356403283774853
1782814211008531700,10.04953173828125,0.0147024504840374,0.02999143674969673,0.018302956596016884
1782814211028614000,10.06961376953125,-0.012598059140145779,0.03450356051325798,0.022473296150565147
1782814211048694800,10.08969482421875,-0.025045089423656464,0.03424715995788574,-0.01611391082406044
1782814211068777000,10.10977685546875,-0.02665477991104126,-0.0007147667929530144,-0.03951235115528107
1782814211088859000,10.12985888671875,-0.018904665485024452,0.010668259114027023,-0.02566956728696823
1782814211108939500,10.149939453125,-0.028118720278143883,-0.00023832730948925018,-0.018011320382356644
1782814211129021700,10.170021728515625,-0.02068493887782097,0.002885045949369669,-0.03207347169518471
1782814211149102600,10.1901025390625,-0.049189917743206024,0.06997538357973099,-0.03536634147167206
1782814211169184800,10.210184814453125,-0.07059808820486069,0.01423565112054348,-0.0021881007123738527
1782814211189266700,10.2302666015625,-0.06982257962226868,-0.0665380209684372,0.012386314570903778
1782814211209347800,10.250347900390626,-0.050536513328552246,-0.012150850147008896,-0.007464739494025707
1782814211229429800,10.2704296875,-0.015590514056384563,0.025589603930711746,-0.06632459908723831
